{"_wandb":{"runtime":114},"_timestamp":1.748116559654481e+09,"_runtime":114.906311244,"grad/clipped_norm":5,"hp_metric":-1,"global_step":35,"grad/step_size":0.0005,"train_sm_loss":1.4125272,"_step":672,"grad/norm":5.0603714,"v_target_magnitude":1.2243444}